Site_SAP,Line,Year_Period,Weeks_In_Period,Shift_Days,Shift_Length,Hours_Overtime,Hours_Crew,Loss_Factor,Hours_Down_Time,Hours_Sched_PDT,Safety_Hours,Hours_Total_Available,Additional_Hours_Used,Hours_Total_Available_Calc,Hours_UnCrewed,Additional_Hours
5501,LN01,2021_01,4,28,24.0,0,672.0,0.28,462.0,58.8,1.0,151.2,0,0,0,0
5501,LN01,2021_02,4,28,24.0,0,672.0,0.28,48.0,174.72,1.0,449.28,0,0,0,0
5501,LN01,2021_03,5,35,24.0,0,840.0,0.28,115.0,203.0,1.0,522.0,0,0,0,0
5501,LN01,2021_04,4,28,24.0,0,672.0,0.28,86.0,164.08,1.0,421.92,0,0,0,0
5501,LN01,2021_05,4,28,24.0,0,672.0,0.28,42.0,176.4,1.0,453.6,0,0,0,0
5501,LN01,2021_06,5,35,24.0,0,840.0,0.28,45.0,222.6,1.0,572.4,0,0,0,0
5501,LN01,2021_07,4,28,24.0,0,672.0,0.28,32.0,179.2,1.0,460.8,0,0,0,0
5501,LN01,2021_08,4,28,24.0,0,672.0,0.28,32.0,179.2,1.0,460.8,0,0,0,0
5501,LN01,2021_09,5,35,24.0,0,840.0,0.28,110.0,204.4,1.0,525.6,0,0,0,0
5501,LN01,2021_10,4,28,24.0,0,672.0,0.28,66.0,169.68,1.0,436.32,0,0,0,0
5501,LN01,2021_11,4,28,24.0,0,672.0,0.28,38.0,177.52,1.0,456.48,0,0,0,0
5501,LN01,2021_12,5,35,24.0,0,840.0,0.28,171.0,187.32,1.0,481.68,0,0,0,0
5501,LN01,2022_01,4,28,24.0,0,672.0,0.28,168.0,141.12,1.0,362.88,0,0,0,0
5501,LN01,2022_02,4,28,24.0,0,672.0,0.28,48.0,174.72,1.0,449.28,0,0,0,0
5501,LN01,2022_03,5,35,24.0,0,840.0,0.28,115.0,203.0,1.0,522.0,0,0,0,0
5501,LN01,2022_04,4,28,24.0,0,672.0,0.28,38.0,177.52,1.0,456.48,0,0,0,0
5501,LN02,2021_01,4,16,21.0,0,336.0,0.13,58.0,36.14,0.96,232.19,0,0,0,0
5501,LN02,2021_02,4,16,21.0,0,336.0,0.13,49.0,37.31,0.96,239.7,0,0,0,0
5501,LN02,2021_03,5,35,21.0,0,735.0,0.13,108.0,81.51,0.96,523.67,0,0,0,0
5501,LN02,2021_04,4,28,21.0,0,588.0,0.13,86.0,65.26,0.96,419.27,0,0,0,0
5501,LN02,2021_05,4,28,24.0,0,672.0,0.13,48.0,81.12,0.96,521.16,0,0,0,0
5501,LN02,2021_06,5,35,24.0,0,840.0,0.13,41.0,103.87,0.96,667.32,0,0,0,0
5501,LN02,2021_07,4,28,24.0,0,672.0,0.13,32.0,83.2,0.96,534.53,0,0,0,0
5501,LN02,2021_08,4,28,24.0,0,672.0,0.13,32.0,83.2,0.96,534.53,0,0,0,0
5501,LN02,2021_09,5,33,24.0,0,792.0,0.13,115.0,88.01,0.96,565.43,0,0,0,0
5501,LN02,2021_10,4,21,21.0,0,441.0,0.13,55.0,50.18,0.96,322.39,0,0,0,0
5501,LN02,2021_11,4,17,21.0,0,357.0,0.13,34.0,41.99,0.96,269.77,0,0,0,0
5501,LN02,2021_12,5,20,21.0,0,420.0,0.13,112.0,40.04,0.96,257.24,0,0,0,0
5501,LN02,2022_01,4,16,21.0,0,336.0,0.13,58.0,36.14,0.96,232.19,0,0,0,0
5501,LN02,2022_02,4,16,21.0,0,336.0,0.13,49.0,37.31,0.96,239.7,0,0,0,0
5501,LN02,2022_03,5,35,21.0,0,735.0,0.13,108.0,81.51,0.96,523.67,0,0,0,0
5501,LN02,2022_04,4,28,21.0,0,588.0,0.13,44.0,70.72,0.96,454.35,0,0,0,0
5501,LN03,2021_01,4,28,24.0,0,672.0,0.41,100.0,234.52,1.0,337.48,0,0,0,0
5501,LN03,2021_02,4,28,24.0,0,672.0,0.41,48.0,255.84,1.0,368.16,0,0,0,0
5501,LN03,2021_03,5,35,24.0,0,840.0,0.41,121.0,294.79,1.0,424.21,0,0,0,0
5501,LN03,2021_04,4,28,24.0,0,672.0,0.41,140.0,218.12,1.0,313.88,0,0,0,0
5501,LN03,2021_05,4,28,24.0,0,672.0,0.41,203.0,192.29,1.0,276.71,0,0,0,0
5501,LN03,2021_06,5,35,24.0,0,840.0,0.41,37.0,329.23,1.0,473.77,0,0,0,0
5501,LN03,2021_07,4,28,24.0,0,672.0,0.41,32.0,262.4,1.0,377.6,0,0,0,0
5501,LN03,2021_08,4,28,24.0,0,672.0,0.41,32.0,262.4,1.0,377.6,0,0,0,0
5501,LN03,2021_09,5,35,24.0,0,840.0,0.41,115.0,297.25,1.0,427.75,0,0,0,0
5501,LN03,2021_10,4,28,24.0,0,672.0,0.41,66.0,248.46,1.0,357.54,0,0,0,0
5501,LN03,2021_11,4,28,24.0,0,672.0,0.41,38.0,259.94,1.0,374.06,0,0,0,0
5501,LN03,2021_12,5,35,24.0,0,840.0,0.41,368.0,193.52,1.0,278.48,0,0,0,0
5501,LN03,2022_01,4,28,24.0,0,672.0,0.41,100.0,234.52,1.0,337.48,0,0,0,0
5501,LN03,2022_02,4,28,24.0,0,672.0,0.41,48.0,255.84,1.0,368.16,0,0,0,0
5501,LN03,2022_03,5,35,24.0,0,840.0,0.41,121.0,294.79,1.0,424.21,0,0,0,0
5501,LN03,2022_04,4,28,24.0,0,672.0,0.41,92.0,237.8,1.0,342.2,0,0,0,0
5501,LN04,2021_01,4,24,23.75,0,570.0,0.2,100.0,94.0,0.95,357.2,0,0,0,0
5501,LN04,2021_02,4,24,24.0,0,576.0,0.2,60.0,103.2,0.95,392.16,0,0,0,0
5501,LN04,2021_03,5,30,24.0,0,720.0,0.2,121.0,119.8,0.95,455.24,0,0,0,0
5501,LN04,2021_04,4,24,24.0,0,576.0,0.2,68.0,101.6,0.95,386.08,0,0,0,0
5501,LN04,2021_05,4,24,24.0,0,576.0,0.2,203.0,74.6,0.95,283.48,0,0,0,0
5501,LN04,2021_06,5,30,24.0,0,720.0,0.2,37.0,136.6,0.95,519.08,0,0,0,0
5501,LN04,2021_07,4,24,24.0,0,576.0,0.2,32.0,108.8,0.95,413.44,0,0,0,0
5501,LN04,2021_08,4,24,24.0,0,576.0,0.2,32.0,108.8,0.95,413.44,0,0,0,0
5501,LN04,2021_09,5,30,24.0,0,720.0,0.2,109.0,122.2,0.95,464.36,0,0,0,0
5501,LN04,2021_10,4,24,24.0,0,576.0,0.2,60.0,103.2,0.95,392.16,0,0,0,0
5501,LN04,2021_11,4,24,24.0,0,576.0,0.2,32.0,108.8,0.95,413.44,0,0,0,0
5501,LN04,2021_12,5,30,24.0,0,720.0,0.2,109.0,122.2,0.95,464.36,0,0,0,0
5501,LN04,2022_01,4,24,23.75,0,570.0,0.2,100.0,94.0,0.95,357.2,0,0,0,0
5501,LN04,2022_02,4,24,24.0,0,576.0,0.2,60.0,103.2,0.95,392.16,0,0,0,0
5501,LN04,2022_03,5,30,24.0,0,720.0,0.2,121.0,119.8,0.95,455.24,0,0,0,0
5501,LN04,2022_04,4,24,24.0,0,576.0,0.2,44.0,106.4,0.95,404.32,0,0,0,0
5501,LN05,2021_01,4,16,21.0,0,336.0,0.21,90.0,51.66,0.96,186.57,0,0,0,0
5501,LN05,2021_02,4,16,21.0,0,336.0,0.21,49.0,60.27,0.96,217.66,0,0,0,0
5501,LN05,2021_03,5,35,21.0,0,735.0,0.21000000000000002,296.0,92.19,0.96,332.94,0,0,0,0
5501,LN05,2021_04,4,28,21.0,0,588.0,0.21,86.0,105.42,0.96,380.72,0,0,0,0
5501,LN05,2021_05,4,28,24.0,0,672.0,0.21,48.0,131.04,0.96,473.24,0,0,0,0
5501,LN05,2021_06,5,35,24.0,0,840.0,0.21000000000000002,37.0,168.63,0.96,609.0,0,0,0,0
5501,LN05,2021_07,4,28,24.0,0,672.0,0.21,32.0,134.4,0.96,485.38,0,0,0,0
5501,LN05,2021_08,4,28,24.0,0,672.0,0.21,32.0,134.4,0.96,485.38,0,0,0,0
5501,LN05,2021_09,5,33,24.0,0,792.0,0.21000000000000002,115.0,142.17,0.96,513.44,0,0,0,0
5501,LN05,2021_10,4,21,21.0,0,441.0,0.21,55.0,81.06,0.96,292.74,0,0,0,0
5501,LN05,2021_11,4,17,21.0,0,357.0,0.21,34.0,67.83,0.96,244.96,0,0,0,0
5501,LN05,2021_12,5,20,21.0,0,420.0,0.21000000000000002,112.0,64.68,0.96,233.59,0,0,0,0
5501,LN05,2022_01,4,16,21.0,0,336.0,0.21,90.0,51.66,0.96,186.57,0,0,0,0
5501,LN05,2022_02,4,16,21.0,0,336.0,0.21,49.0,60.27,0.96,217.66,0,0,0,0
5501,LN05,2022_03,5,35,21.0,0,735.0,0.21000000000000002,296.0,92.19,0.96,332.94,0,0,0,0
5501,LN05,2022_04,4,28,21.0,0,588.0,0.21,44.0,114.24,0.96,412.57,0,0,0,0
5501,LN06,2021_01,4,28,24.0,0,672.0,0.25,148.0,131.0,1.0,393.0,0,0,0,0
5501,LN06,2021_02,4,28,24.0,0,672.0,0.25,90.0,145.5,1.0,436.5,0,0,0,0
5501,LN06,2021_03,5,35,24.0,0,840.0,0.25,320.0,130.0,1.0,390.0,0,0,0,0
5501,LN06,2021_04,4,28,24.0,0,672.0,0.25,118.0,138.5,1.0,415.5,0,0,0,0
5501,LN06,2021_05,4,28,24.0,0,672.0,0.25,74.0,149.5,1.0,448.5,0,0,0,0
5501,LN06,2021_06,5,35,24.0,0,840.0,0.25,77.0,190.75,1.0,572.25,0,0,0,0
5501,LN06,2021_07,4,28,24.0,0,672.0,0.25,48.0,156.0,1.0,468.0,0,0,0,0
5501,LN06,2021_08,4,28,24.0,0,672.0,0.25,48.0,156.0,1.0,468.0,0,0,0,0
5501,LN06,2021_09,5,35,24.0,0,840.0,0.25,129.0,177.75,1.0,533.25,0,0,0,0
5501,LN06,2021_10,4,28,24.0,0,672.0,0.25,60.0,153.0,1.0,459.0,0,0,0,0
5501,LN06,2021_11,4,28,24.0,0,672.0,0.25,32.0,160.0,1.0,480.0,0,0,0,0
5501,LN06,2021_12,5,35,24.0,0,840.0,0.25,181.0,164.75,1.0,494.25,0,0,0,0
5501,LN06,2022_01,4,28,24.0,0,672.0,0.25,106.0,141.5,1.0,424.5,0,0,0,0
5501,LN06,2022_02,4,28,24.0,0,672.0,0.25,42.0,157.5,1.0,472.5,0,0,0,0
5501,LN06,2022_03,5,35,24.0,0,840.0,0.25,278.0,140.5,1.0,421.5,0,0,0,0
5501,LN06,2022_04,4,28,24.0,0,672.0,0.25,38.0,158.5,1.0,475.5,0,0,0,0
5501,LN07,2021_01,4,28,24.0,0,672.0,0.17,128.0,92.48,1.0,451.52,0,0,0,0
5501,LN07,2021_02,4,28,24.0,0,672.0,0.17,68.0,102.68,1.0,501.32,0,0,0,0
5501,LN07,2021_03,5,35,24.0,0,840.0,0.17,338.0,85.34,1.0,416.66,0,0,0,0
5501,LN07,2021_04,4,28,24.0,0,672.0,0.17,110.0,95.54,1.0,466.46,0,0,0,0
5501,LN07,2021_05,4,28,24.0,0,672.0,0.17,42.0,107.1,1.0,522.9,0,0,0,0
5501,LN07,2021_06,5,35,24.0,0,840.0,0.17,45.0,135.15,1.0,659.85,0,0,0,0
5501,LN07,2021_07,4,28,24.0,0,672.0,0.17,32.0,108.8,1.0,531.2,0,0,0,0
5501,LN07,2021_08,4,28,24.0,0,672.0,0.17,32.0,108.8,1.0,531.2,0,0,0,0
5501,LN07,2021_09,5,35,24.0,0,840.0,0.17,115.0,123.25,1.0,601.75,0,0,0,0
5501,LN07,2021_10,4,28,24.0,0,672.0,0.17,42.0,107.1,1.0,522.9,0,0,0,0
5501,LN07,2021_11,4,28,24.0,0,672.0,0.17,46.0,106.42,1.0,519.58,0,0,0,0
5501,LN07,2021_12,5,35,24.0,0,840.0,0.17,157.0,116.11,1.0,566.89,0,0,0,0
5501,LN07,2022_01,4,28,24.0,0,672.0,0.17,128.0,92.48,1.0,451.52,0,0,0,0
5501,LN07,2022_02,4,28,24.0,0,672.0,0.17,68.0,102.68,1.0,501.32,0,0,0,0
5501,LN07,2022_03,5,35,24.0,0,840.0,0.17,338.0,85.34,1.0,416.66,0,0,0,0
5501,LN07,2022_04,4,28,24.0,0,672.0,0.17,62.0,103.7,1.0,506.3,0,0,0,0
5501,LN09,2021_01,4,28,24.0,0,672.0,0.25,32.0,160.0,1.0,480.0,0,0,0,0
5501,LN09,2021_02,4,28,24.0,0,672.0,0.25,48.0,156.0,1.0,468.0,0,0,0,0
5501,LN09,2021_03,5,35,24.0,0,840.0,0.25,115.0,181.25,1.0,543.75,0,0,0,0
5501,LN09,2021_04,4,28,24.0,0,672.0,0.25,86.0,146.5,1.0,439.5,0,0,0,0
5501,LN09,2021_05,4,28,24.0,0,672.0,0.25,42.0,157.5,1.0,472.5,0,0,0,0
5501,LN09,2021_06,5,35,24.0,0,840.0,0.25,39.0,200.25,1.0,600.75,0,0,0,0
5501,LN09,2021_07,4,28,24.0,0,672.0,0.25,32.0,160.0,1.0,480.0,0,0,0,0
5501,LN09,2021_08,4,28,24.0,0,672.0,0.25,32.0,160.0,1.0,480.0,0,0,0,0
5501,LN09,2021_09,5,35,24.0,0,840.0,0.25,109.0,182.75,1.0,548.25,0,0,0,0
5501,LN09,2021_10,4,28,24.0,0,672.0,0.25,60.0,153.0,1.0,459.0,0,0,0,0
5501,LN09,2021_11,4,28,24.0,0,672.0,0.25,32.0,160.0,1.0,480.0,0,0,0,0
5501,LN09,2021_12,5,35,24.0,0,840.0,0.25,171.0,167.25,1.0,501.75,0,0,0,0
5501,LN09,2022_01,4,28,24.0,0,672.0,0.25,56.0,154.0,1.0,462.0,0,0,0,0
5501,LN09,2022_02,4,28,24.0,0,672.0,0.25,48.0,156.0,1.0,468.0,0,0,0,0
5501,LN09,2022_03,5,35,24.0,0,840.0,0.25,115.0,181.25,1.0,543.75,0,0,0,0
5501,LN09,2022_04,4,28,24.0,0,672.0,0.25,38.0,158.5,1.0,475.5,0,0,0,0
5501,LN10,2021_01,4,28,24.0,0,672.0,0.23,32.0,147.2,1.0,492.8,0,0,0,0
5501,LN10,2021_02,4,28,24.0,0,672.0,0.23,48.0,143.52,1.0,480.48,0,0,0,0
5501,LN10,2021_03,5,35,24.0,0,840.0,0.23000000000000004,115.0,166.75,1.0,558.25,0,0,0,0
5501,LN10,2021_04,4,28,24.0,0,672.0,0.23,86.0,134.78,1.0,451.22,0,0,0,0
5501,LN10,2021_05,4,28,24.0,0,672.0,0.23,42.0,144.9,1.0,485.1,0,0,0,0
5501,LN10,2021_06,5,35,24.0,0,840.0,0.23000000000000004,37.0,184.69,1.0,618.31,0,0,0,0
5501,LN10,2021_07,4,28,24.0,0,672.0,0.23,32.0,147.2,1.0,492.8,0,0,0,0
5501,LN10,2021_08,4,28,24.0,0,672.0,0.23,32.0,147.2,1.0,492.8,0,0,0,0
5501,LN10,2021_09,5,35,24.0,0,840.0,0.23000000000000004,117.0,166.29,1.0,556.71,0,0,0,0
5501,LN10,2021_10,4,28,24.0,0,672.0,0.23,60.0,140.76,1.0,471.24,0,0,0,0
5501,LN10,2021_11,4,28,24.0,0,672.0,0.23,32.0,147.2,1.0,492.8,0,0,0,0
5501,LN10,2021_12,5,35,24.0,0,840.0,0.23000000000000004,161.0,156.17,1.0,522.83,0,0,0,0
5501,LN10,2022_01,4,28,24.0,0,672.0,0.23,56.0,141.68,1.0,474.32,0,0,0,0
5501,LN10,2022_02,4,28,24.0,0,672.0,0.23,48.0,143.52,1.0,480.48,0,0,0,0
5501,LN10,2022_03,5,35,24.0,0,840.0,0.23000000000000004,115.0,166.75,1.0,558.25,0,0,0,0
5501,LN10,2022_04,4,28,24.0,0,672.0,0.23,38.0,145.82,1.0,488.18,0,0,0,0
5502,LN01,2021_01,4,28,24.0,0,672.0,0.17,98.0,97.58,1.0,476.42,0,0,0,0
5502,LN01,2021_02,4,28,24.0,0,672.0,0.17,372.0,51.0,1.0,249.0,0,0,0,0
5502,LN01,2021_03,5,35,24.0,0,840.0,0.17,126.0,121.38,1.0,592.62,0,0,0,0
5502,LN01,2021_04,4,28,24.0,0,672.0,0.17,182.0,83.3,1.0,406.7,0,0,0,0
5502,LN01,2021_05,4,28,24.0,0,672.0,0.17,50.0,105.74,1.0,516.26,0,0,0,0
5502,LN01,2021_06,5,35,24.0,0,840.0,0.17,48.0,134.64,1.0,657.36,0,0,0,0
5502,LN01,2021_07,4,28,24.0,0,672.0,0.17,56.0,104.72,1.0,511.28,0,0,0,0
5502,LN01,2021_08,4,28,24.0,0,672.0,0.17,40.0,107.44,1.0,524.56,0,0,0,0
5502,LN01,2021_09,5,35,24.0,0,840.0,0.17,150.0,117.3,1.0,572.7,0,0,0,0
5502,LN01,2021_10,4,28,24.0,0,672.0,0.17,114.0,94.86,1.0,463.14,0,0,0,0
5502,LN01,2021_11,4,28,24.0,0,672.0,0.17,46.0,106.42,1.0,519.58,0,0,0,0
5502,LN01,2021_12,5,35,24.0,0,840.0,0.17,196.0,109.48,1.0,534.52,0,0,0,0
5502,LN01,2022_01,4,28,24.0,0,672.0,0.17,98.0,97.58,1.0,476.42,0,0,0,0
5502,LN01,2022_02,4,28,24.0,0,672.0,0.17,372.0,51.0,1.0,249.0,0,0,0,0
5502,LN01,2022_03,5,35,24.0,0,840.0,0.17,126.0,121.38,1.0,592.62,0,0,0,0
5502,LN01,2022_04,4,28,24.0,0,672.0,0.17,134.0,91.46,1.0,446.54,0,0,0,0
5502,LN02,2021_01,4,28,24.0,0,672.0,0.23,40.0,145.36,1.0,486.64,0,0,0,0
5502,LN02,2021_02,4,28,24.0,0,672.0,0.23,416.0,58.88,1.0,197.12,0,0,0,0
5502,LN02,2021_03,5,35,24.0,0,840.0,0.23000000000000004,118.0,166.06,1.0,555.94,0,0,0,0
5502,LN02,2021_04,4,28,24.0,0,672.0,0.23,154.0,119.14,1.0,398.86,0,0,0,0
5502,LN02,2021_05,4,28,24.0,0,672.0,0.23,50.0,143.06,1.0,478.94,0,0,0,0
5502,LN02,2021_06,5,35,24.0,0,840.0,0.23000000000000004,52.0,181.24,1.0,606.76,0,0,0,0
5502,LN02,2021_07,4,28,24.0,0,672.0,0.23,40.0,145.36,1.0,486.64,0,0,0,0
5502,LN02,2021_08,4,28,24.0,0,672.0,0.23,64.0,139.84,1.0,468.16,0,0,0,0
5502,LN02,2021_09,5,35,24.0,0,840.0,0.23000000000000004,154.0,157.78,1.0,528.22,0,0,0,0
5502,LN02,2021_10,4,28,24.0,0,672.0,0.23,98.0,132.02,1.0,441.98,0,0,0,0
5502,LN02,2021_11,4,28,24.0,0,672.0,0.23,46.0,143.98,1.0,482.02,0,0,0,0
5502,LN02,2021_12,5,35,24.0,0,840.0,0.23000000000000004,288.0,126.96,1.0,425.04,0,0,0,0
5502,LN02,2022_01,4,28,24.0,0,672.0,0.23,268.0,92.92,1.0,311.08,0,0,0,0
5502,LN02,2022_02,4,28,24.0,0,672.0,0.23,104.0,130.64,1.0,437.36,0,0,0,0
5502,LN02,2022_03,5,35,24.0,0,840.0,0.23000000000000004,118.0,166.06,1.0,555.94,0,0,0,0
5502,LN02,2022_04,4,28,24.0,0,672.0,0.23,262.0,94.3,1.0,315.7,0,0,0,0
5502,LN03,2021_01,4,28,24.0,0,672.0,0.24,52.0,148.8,1.0,471.2,0,0,0,0
5502,LN03,2021_02,4,28,24.0,0,672.0,0.24,132.0,129.6,1.0,410.4,0,0,0,0
5502,LN03,2021_03,5,35,24.0,0,840.0,0.24,108.0,175.68,1.0,556.32,0,0,0,0
5502,LN03,2021_04,4,28,24.0,0,672.0,0.24,152.0,124.8,1.0,395.2,0,0,0,0
5502,LN03,2021_05,4,28,24.0,0,672.0,0.24,152.0,124.8,1.0,395.2,0,0,0,0
5502,LN03,2021_06,5,35,24.0,0,840.0,0.24,48.0,190.08,1.0,601.92,0,0,0,0
5502,LN03,2021_07,4,28,24.0,0,672.0,0.24,44.0,150.72,1.0,477.28,0,0,0,0
5502,LN03,2021_08,4,28,24.0,0,672.0,0.24,64.0,145.92,1.0,462.08,0,0,0,0
5502,LN03,2021_09,5,35,24.0,0,840.0,0.24,166.0,161.76,1.0,512.24,0,0,0,0
5502,LN03,2021_10,4,28,24.0,0,672.0,0.24,214.0,109.92,1.0,348.08,0,0,0,0
5502,LN03,2021_11,4,28,24.0,0,672.0,0.24,118.0,132.96,1.0,421.04,0,0,0,0
5502,LN03,2021_12,5,35,24.0,0,840.0,0.24,188.0,156.48,1.0,495.52,0,0,0,0
5502,LN03,2022_01,4,28,24.0,0,672.0,0.24,52.0,148.8,1.0,471.2,0,0,0,0
5502,LN03,2022_02,4,28,24.0,0,672.0,0.24,132.0,129.6,1.0,410.4,0,0,0,0
5502,LN03,2022_03,5,35,24.0,0,840.0,0.24,108.0,175.68,1.0,556.32,0,0,0,0
5502,LN03,2022_04,4,28,24.0,0,672.0,0.24,104.0,136.32,1.0,431.68,0,0,0,0
5502,LN04,2021_01,4,28,24.0,0,672.0,0.28,116.0,155.68,1.0,400.32,0,0,0,0
5502,LN04,2021_02,4,28,24.0,0,672.0,0.28,104.0,159.04,1.0,408.96,0,0,0,0
5502,LN04,2021_03,5,35,24.0,0,840.0,0.28,102.0,206.64,1.0,531.36,0,0,0,0
5502,LN04,2021_04,4,28,24.0,0,672.0,0.28,146.0,147.28,1.0,378.72,0,0,0,0
5502,LN04,2021_05,4,28,24.0,0,672.0,0.28,274.0,111.44,1.0,286.56,0,0,0,0
5502,LN04,2021_06,5,35,24.0,0,840.0,0.28,48.0,221.76,1.0,570.24,0,0,0,0
5502,LN04,2021_07,4,28,24.0,0,672.0,0.28,116.0,155.68,1.0,400.32,0,0,0,0
5502,LN04,2021_08,4,28,24.0,0,672.0,0.28,44.0,175.84,1.0,452.16,0,0,0,0
5502,LN04,2021_09,5,35,24.0,0,840.0,0.28,150.0,193.2,1.0,496.8,0,0,0,0
5502,LN04,2021_10,4,28,24.0,0,672.0,0.28,286.0,108.08,1.0,277.92,0,0,0,0
5502,LN04,2021_11,4,28,24.0,0,672.0,0.28,362.0,86.8,1.0,223.2,0,0,0,0
5502,LN04,2021_12,5,35,24.0,0,840.0,0.28,188.0,182.56,1.0,469.44,0,0,0,0
5502,LN04,2022_01,4,28,24.0,0,672.0,0.28,116.0,155.68,1.0,400.32,0,0,0,0
5502,LN04,2022_02,4,28,24.0,0,672.0,0.28,104.0,159.04,1.0,408.96,0,0,0,0
5502,LN04,2022_03,5,35,24.0,0,840.0,0.28,102.0,206.64,1.0,531.36,0,0,0,0
5502,LN04,2022_04,4,28,24.0,0,672.0,0.28,98.0,160.72,1.0,413.28,0,0,0,0
5502,LN05,2021_01,4,28,24.0,0,672.0,0.2,40.0,126.4,1.0,505.6,0,0,0,0
5502,LN05,2021_02,4,28,24.0,0,672.0,0.2,134.0,107.6,1.0,430.4,0,0,0,0
5502,LN05,2021_03,5,35,24.0,0,840.0,0.2,136.0,140.8,1.0,563.2,0,0,0,0
5502,LN05,2021_04,4,28,24.0,0,672.0,0.2,166.0,101.2,1.0,404.8,0,0,0,0
5502,LN05,2021_05,4,28,24.0,0,672.0,0.2,50.0,124.4,1.0,497.6,0,0,0,0
5502,LN05,2021_06,5,35,24.0,0,840.0,0.2,52.0,157.6,1.0,630.4,0,0,0,0
5502,LN05,2021_07,4,28,24.0,0,672.0,0.2,40.0,126.4,1.0,505.6,0,0,0,0
5502,LN05,2021_08,4,28,24.0,0,672.0,0.2,40.0,126.4,1.0,505.6,0,0,0,0
5502,LN05,2021_09,5,35,24.0,0,840.0,0.2,154.0,137.2,1.0,548.8,0,0,0,0
5502,LN05,2021_10,4,28,24.0,0,672.0,0.2,410.0,52.4,1.0,209.6,0,0,0,0
5502,LN05,2021_11,4,28,24.0,0,672.0,0.2,46.0,125.2,1.0,500.8,0,0,0,0
5502,LN05,2021_12,5,35,24.0,0,840.0,0.2,192.0,129.6,1.0,518.4,0,0,0,0
5502,LN05,2022_01,4,28,24.0,0,672.0,0.2,40.0,126.4,1.0,505.6,0,0,0,0
5502,LN05,2022_02,4,28,24.0,0,672.0,0.2,134.0,107.6,1.0,430.4,0,0,0,0
5502,LN05,2022_03,5,35,24.0,0,840.0,0.2,136.0,140.8,1.0,563.2,0,0,0,0
5502,LN05,2022_04,4,28,24.0,0,672.0,0.2,118.0,110.8,1.0,443.2,0,0,0,0
5502,LN07,2021_01,4,28,24.0,0,672.0,0.28,44.0,175.84,1.0,452.16,0,0,0,0
5502,LN07,2021_02,4,28,24.0,0,672.0,0.28,104.0,159.04,1.0,408.96,0,0,0,0
5502,LN07,2021_03,5,35,24.0,0,840.0,0.28,162.0,189.84,1.0,488.16,0,0,0,0
5502,LN07,2021_04,4,28,24.0,0,672.0,0.28,146.0,147.28,1.0,378.72,0,0,0,0
5502,LN07,2021_05,4,28,24.0,0,672.0,0.28,50.0,174.16,1.0,447.84,0,0,0,0
5502,LN07,2021_06,5,35,24.0,0,840.0,0.28,60.0,218.4,1.0,561.6,0,0,0,0
5502,LN07,2021_07,4,28,24.0,0,672.0,0.28,44.0,175.84,1.0,452.16,0,0,0,0
5502,LN07,2021_08,4,28,24.0,0,672.0,0.28,40.0,176.96,1.0,455.04,0,0,0,0
5502,LN07,2021_09,5,35,24.0,0,840.0,0.28,280.0,156.8,1.0,403.2,0,0,0,0
5502,LN07,2021_10,4,28,24.0,0,672.0,0.28,258.0,115.92,1.0,298.08,0,0,0,0
5502,LN07,2021_11,4,28,24.0,0,672.0,0.28,46.0,175.28,1.0,450.72,0,0,0,0
5502,LN07,2021_12,5,35,24.0,0,840.0,0.28,208.0,176.96,1.0,455.04,0,0,0,0
5502,LN07,2022_01,4,28,24.0,0,672.0,0.28,44.0,175.84,1.0,452.16,0,0,0,0
5502,LN07,2022_02,4,28,24.0,0,672.0,0.28,416.0,71.68,1.0,184.32,0,0,0,0
5502,LN07,2022_03,5,35,24.0,0,840.0,0.28,364.0,133.28,1.0,342.72,0,0,0,0
5502,LN07,2022_04,4,28,24.0,0,672.0,0.28,98.0,160.72,1.0,413.28,0,0,0,0
5502,LN08,2021_01,4,16,21.0,0,336.0,0.13,40.0,38.48,0.96,247.22,0,0,0,0
5502,LN08,2021_02,4,16,21.0,0,336.0,0.13,120.0,28.08,0.96,180.4,0,0,0,0
5502,LN08,2021_03,5,20,21.0,0,420.0,0.13,202.0,28.34,0.96,182.07,0,0,0,0
5502,LN08,2021_04,4,28,24.0,0,672.0,0.13,146.0,68.38,0.96,439.32,0,0,0,0
5502,LN08,2021_05,4,28,24.0,0,672.0,0.13,50.0,80.86,0.96,519.49,0,0,0,0
5502,LN08,2021_06,5,35,24.0,0,840.0,0.13,48.0,102.96,0.96,661.48,0,0,0,0
5502,LN08,2021_07,4,28,24.0,0,672.0,0.13,44.0,81.64,0.96,524.51,0,0,0,0
5502,LN08,2021_08,4,28,24.0,0,672.0,0.13,40.0,82.16,0.96,527.85,0,0,0,0
5502,LN08,2021_09,5,35,24.0,0,840.0,0.13,262.0,75.14,0.96,482.75,0,0,0,0
5502,LN08,2021_10,4,28,24.0,0,672.0,0.13,318.0,46.02,0.96,295.66,0,0,0,0
5502,LN08,2021_11,4,28,24.0,0,672.0,0.13,46.0,81.38,0.96,522.84,0,0,0,0
5502,LN08,2021_12,5,35,24.0,0,840.0,0.13,196.0,83.72,0.96,537.87,0,0,0,0
5502,LN08,2022_01,4,28,24.0,0,672.0,0.13,264.0,53.04,0.96,340.76,0,0,0,0
5502,LN08,2022_02,4,28,24.0,0,672.0,0.13,212.0,59.8,0.96,384.19,0,0,0,0
5502,LN08,2022_03,5,35,24.0,0,840.0,0.13,488.0,45.76,0.96,293.99,0,0,0,0
5502,LN08,2022_04,4,28,24.0,0,672.0,0.13,98.0,74.62,0.96,479.4,0,0,0,0
5502,LN11,2021_01,4,28,24.0,0,672.0,0.2,128.0,108.8,1.0,435.2,0,0,0,0
5502,LN11,2021_02,4,28,24.0,0,672.0,0.2,104.0,113.6,1.0,454.4,0,0,0,0
5502,LN11,2021_03,5,35,24.0,0,840.0,0.2,108.0,146.4,1.0,585.6,0,0,0,0
5502,LN11,2021_04,4,28,24.0,0,672.0,0.2,200.0,94.4,1.0,377.6,0,0,0,0
5502,LN11,2021_05,4,28,24.0,0,672.0,0.2,56.0,123.2,1.0,492.8,0,0,0,0
5502,LN11,2021_06,5,35,24.0,0,840.0,0.2,48.0,158.4,1.0,633.6,0,0,0,0
5502,LN11,2021_07,4,28,24.0,0,672.0,0.2,44.0,125.6,1.0,502.4,0,0,0,0
5502,LN11,2021_08,4,28,24.0,0,672.0,0.2,40.0,126.4,1.0,505.6,0,0,0,0
5502,LN11,2021_09,5,35,24.0,0,840.0,0.2,286.0,110.8,1.0,443.2,0,0,0,0
5502,LN11,2021_10,4,28,24.0,0,672.0,0.2,150.0,104.4,1.0,417.6,0,0,0,0
5502,LN11,2021_11,4,28,24.0,0,672.0,0.2,158.0,102.8,1.0,411.2,0,0,0,0
5502,LN11,2021_12,5,35,24.0,0,840.0,0.2,196.0,128.8,1.0,515.2,0,0,0,0
5502,LN11,2022_01,4,28,24.0,0,672.0,0.2,128.0,108.8,1.0,435.2,0,0,0,0
5502,LN11,2022_02,4,28,24.0,0,672.0,0.2,104.0,113.6,1.0,454.4,0,0,0,0
5502,LN11,2022_03,5,35,24.0,0,840.0,0.2,108.0,146.4,1.0,585.6,0,0,0,0
5502,LN11,2022_04,4,28,24.0,0,672.0,0.2,152.0,104.0,1.0,416.0,0,0,0,0
5503,LN01,2021_01,4,20,23.4,0,468.0,0.09,68.0,36.0,0.95,345.8,0,0,0,0
5503,LN01,2021_02,4,20,23.4,0,468.0,0.09,110.0,32.22,0.95,309.49,0,0,0,0
5503,LN01,2021_03,5,25,23.4,0,585.0,0.09,67.0,46.62,0.95,447.81,0,0,0,0
5503,LN01,2021_04,4,20,23.4,0,468.0,0.09,175.0,26.37,0.95,253.3,0,0,0,0
5503,LN01,2021_05,4,20,23.4,0,468.0,0.09,56.0,37.08,0.95,356.17,0,0,0,0
5503,LN01,2021_06,5,25,23.4,0,585.0,0.09,91.0,44.46,0.95,427.06,0,0,0,0
5503,LN01,2021_07,4,20,23.4,0,468.0,0.09,78.0,35.1,0.95,337.15,0,0,0,0
5503,LN01,2021_08,4,20,23.4,0,468.0,0.09,50.0,37.62,0.95,361.36,0,0,0,0
5503,LN01,2021_09,5,25,23.4,0,585.0,0.09,61.0,47.16,0.95,453.0,0,0,0,0
5503,LN01,2021_10,4,20,23.4,0,468.0,0.09,78.0,35.1,0.95,337.15,0,0,0,0
5503,LN01,2021_11,4,20,23.4,0,468.0,0.09,150.0,28.62,0.95,274.91,0,0,0,0
5503,LN01,2021_12,5,25,23.4,0,585.0,0.09,179.0,36.54,0.95,350.99,0,0,0,0
5503,LN01,2022_01,4,20,23.4,0,468.0,0.09,68.0,36.0,0.95,345.8,0,0,0,0
5503,LN01,2022_02,4,20,23.4,0,468.0,0.09,110.0,32.22,0.95,309.49,0,0,0,0
5503,LN01,2022_03,5,25,23.4,0,585.0,0.09,67.0,46.62,0.95,447.81,0,0,0,0
5503,LN01,2022_04,4,20,23.4,0,468.0,0.09,175.0,26.37,0.95,253.3,0,0,0,0
5503,LN02,2021_01,4,20,23.4,0,468.0,0.14,68.0,56.0,0.95,326.8,0,0,0,0
5503,LN02,2021_02,4,20,23.4,0,468.0,0.14,122.0,48.44,0.95,282.68,0,0,0,0
5503,LN02,2021_03,5,25,23.4,0,585.0,0.14,179.0,56.84,0.95,331.7,0,0,0,0
5503,LN02,2021_04,4,20,23.4,0,468.0,0.14,86.0,53.48,0.95,312.09,0,0,0,0
5503,LN02,2021_05,4,20,23.4,0,468.0,0.14,62.0,56.84,0.95,331.7,0,0,0,0
5503,LN02,2021_06,5,25,23.4,0,585.0,0.14,91.0,69.16,0.95,403.6,0,0,0,0
5503,LN02,2021_07,4,20,23.4,0,468.0,0.14,78.0,54.6,0.95,318.63,0,0,0,0
5503,LN02,2021_08,4,20,23.4,0,468.0,0.14,50.0,58.52,0.95,341.51,0,0,0,0
5503,LN02,2021_09,5,25,23.4,0,585.0,0.14,61.0,73.36,0.95,428.11,0,0,0,0
5503,LN02,2021_10,4,20,23.4,0,468.0,0.14,184.0,39.76,0.95,232.03,0,0,0,0
5503,LN02,2021_11,4,20,23.4,0,468.0,0.14,62.0,56.84,0.95,331.7,0,0,0,0
5503,LN02,2021_12,5,25,23.4,0,585.0,0.14,179.0,56.84,0.95,331.7,0,0,0,0
5503,LN02,2022_01,4,20,23.4,0,468.0,0.14,68.0,56.0,0.95,326.8,0,0,0,0
5503,LN02,2022_02,4,20,23.4,0,468.0,0.14,122.0,48.44,0.95,282.68,0,0,0,0
5503,LN02,2022_03,5,25,23.4,0,585.0,0.14,179.0,56.84,0.95,331.7,0,0,0,0
5503,LN02,2022_04,4,20,23.4,0,468.0,0.14,86.0,53.48,0.95,312.09,0,0,0,0
5503,LN03,2021_01,4,28,24.0,0,672.0,0.21,88.0,122.64,1.0,461.36,0,0,0,0
5503,LN03,2021_02,4,28,24.0,0,672.0,0.21,170.0,105.42,1.0,396.58,0,0,0,0
5503,LN03,2021_03,5,35,24.0,0,840.0,0.21000000000000002,286.0,116.34,1.0,437.66,0,0,0,0
5503,LN03,2021_04,4,28,24.0,0,672.0,0.21,142.0,111.3,1.0,418.7,0,0,0,0
5503,LN03,2021_05,4,28,24.0,0,672.0,0.21,122.0,115.5,1.0,434.5,0,0,0,0
5503,LN03,2021_06,5,35,24.0,0,840.0,0.21000000000000002,100.0,155.4,1.0,584.6,0,0,0,0
5503,LN03,2021_07,4,28,24.0,0,672.0,0.21,86.0,123.06,1.0,462.94,0,0,0,0
5503,LN03,2021_08,4,28,24.0,0,672.0,0.21,58.0,128.94,1.0,485.06,0,0,0,0
5503,LN03,2021_09,5,35,24.0,0,840.0,0.21000000000000002,168.0,141.12,1.0,530.88,0,0,0,0
5503,LN03,2021_10,4,28,24.0,0,672.0,0.21,184.0,102.48,1.0,385.52,0,0,0,0
5503,LN03,2021_11,4,28,24.0,0,672.0,0.21,120.0,115.92,1.0,436.08,0,0,0,0
5503,LN03,2021_12,5,35,24.0,0,840.0,0.21000000000000002,288.0,115.92,1.0,436.08,0,0,0,0
5503,LN03,2022_01,4,28,24.0,0,672.0,0.21,88.0,122.64,1.0,461.36,0,0,0,0
5503,LN03,2022_02,4,28,24.0,0,672.0,0.21,170.0,105.42,1.0,396.58,0,0,0,0
5503,LN03,2022_03,5,35,24.0,0,840.0,0.21000000000000002,286.0,116.34,1.0,437.66,0,0,0,0
5503,LN03,2022_04,4,28,24.0,0,672.0,0.21,94.0,121.38,1.0,456.62,0,0,0,0
5503,LN04,2021_01,4,20,23.4,0,468.0,0.11,68.0,44.0,0.96,341.76,0,0,0,0
5503,LN04,2021_02,4,20,23.4,0,468.0,0.11,58.0,45.1,0.96,350.3,0,0,0,0
5503,LN04,2021_03,5,25,23.4,0,585.0,0.11000000000000001,169.0,45.76,0.96,355.43,0,0,0,0
5503,LN04,2021_04,4,20,23.4,0,468.0,0.11,76.0,43.12,0.96,334.92,0,0,0,0
5503,LN04,2021_05,4,20,23.4,0,468.0,0.11,52.0,45.76,0.96,355.43,0,0,0,0
5503,LN04,2021_06,5,25,23.4,0,585.0,0.11000000000000001,83.0,55.22,0.96,428.91,0,0,0,0
5503,LN04,2021_07,4,20,23.4,0,468.0,0.11,74.0,43.34,0.96,336.63,0,0,0,0
5503,LN04,2021_08,4,20,23.4,0,468.0,0.11,46.0,46.42,0.96,360.56,0,0,0,0
5503,LN04,2021_09,5,25,23.4,0,585.0,0.11000000000000001,57.0,58.08,0.96,451.12,0,0,0,0
5503,LN04,2021_10,4,20,23.4,0,468.0,0.11,176.0,32.12,0.96,249.48,0,0,0,0
5503,LN04,2021_11,4,20,23.4,0,468.0,0.11,58.0,45.1,0.96,350.3,0,0,0,0
5503,LN04,2021_12,5,25,23.4,0,585.0,0.11000000000000001,179.0,44.66,0.96,346.89,0,0,0,0
5503,LN04,2022_01,4,20,23.4,0,468.0,0.11,68.0,44.0,0.96,341.76,0,0,0,0
5503,LN04,2022_02,4,20,23.4,0,468.0,0.11,58.0,45.1,0.96,350.3,0,0,0,0
5503,LN04,2022_03,5,25,23.4,0,585.0,0.11000000000000001,169.0,45.76,0.96,355.43,0,0,0,0
5503,LN04,2022_04,4,20,23.4,0,468.0,0.11,76.0,43.12,0.96,334.92,0,0,0,0
5503,LN05,2021_01,4,20,23.4,0,468.0,0.15,68.0,60.0,0.96,326.4,0,0,0,0
5503,LN05,2021_02,4,20,23.4,0,468.0,0.15,58.0,61.5,0.96,334.56,0,0,0,0
5503,LN05,2021_03,5,25,23.4,0,585.0,0.15,63.0,78.3,0.96,425.95,0,0,0,0
5503,LN05,2021_04,4,20,23.4,0,468.0,0.15,182.0,42.9,0.96,233.38,0,0,0,0
5503,LN05,2021_05,4,20,23.4,0,468.0,0.15,52.0,62.4,0.96,339.46,0,0,0,0
5503,LN05,2021_06,5,25,23.4,0,585.0,0.15,83.0,75.3,0.96,409.63,0,0,0,0
5503,LN05,2021_07,4,20,23.4,0,468.0,0.15,74.0,59.1,0.96,321.5,0,0,0,0
5503,LN05,2021_08,4,20,23.4,0,468.0,0.15,46.0,63.3,0.96,344.35,0,0,0,0
5503,LN05,2021_09,5,25,23.4,0,585.0,0.15,57.0,79.2,0.96,430.85,0,0,0,0
5503,LN05,2021_10,4,20,23.4,0,468.0,0.15,70.0,59.7,0.96,324.77,0,0,0,0
5503,LN05,2021_11,4,20,23.4,0,468.0,0.15,152.0,47.4,0.96,257.86,0,0,0,0
5503,LN05,2021_12,5,25,23.4,0,585.0,0.15,179.0,60.9,0.96,331.3,0,0,0,0
5503,LN05,2022_01,4,20,23.4,0,468.0,0.15,68.0,60.0,0.96,326.4,0,0,0,0
5503,LN05,2022_02,4,20,23.4,0,468.0,0.15,58.0,61.5,0.96,334.56,0,0,0,0
5503,LN05,2022_03,5,25,23.4,0,585.0,0.15,63.0,78.3,0.96,425.95,0,0,0,0
5503,LN05,2022_04,4,20,23.4,0,468.0,0.15,182.0,42.9,0.96,233.38,0,0,0,0
5503,LN07,2021_01,4,28,24.0,0,672.0,0.14,80.0,82.88,0.96,488.76,0,0,0,0
5503,LN07,2021_02,4,28,24.0,0,672.0,0.14,170.0,70.28,0.96,414.45,0,0,0,0
5503,LN07,2021_03,5,35,24.0,0,840.0,0.14,80.0,106.4,0.96,627.46,0,0,0,0
5503,LN07,2021_04,4,20,24.0,0,480.0,0.14,84.0,55.44,0.96,326.94,0,0,0,0
5503,LN07,2021_05,4,20,24.0,0,480.0,0.14,162.0,44.52,0.96,262.54,0,0,0,0
5503,LN07,2021_06,5,25,24.0,0,600.0,0.14,96.0,70.56,0.96,416.1,0,0,0,0
5503,LN07,2021_07,4,20,24.0,0,480.0,0.14,82.0,55.72,0.96,328.59,0,0,0,0
5503,LN07,2021_08,4,20,24.0,0,480.0,0.14,54.0,59.64,0.96,351.71,0,0,0,0
5503,LN07,2021_09,5,25,24.0,0,600.0,0.14,72.0,73.92,0.96,435.92,0,0,0,0
5503,LN07,2021_10,4,20,24.0,0,480.0,0.14,88.0,54.88,0.96,323.64,0,0,0,0
5503,LN07,2021_11,4,20,24.0,0,480.0,0.14,168.0,43.68,0.96,257.59,0,0,0,0
5503,LN07,2021_12,5,25,24.0,0,600.0,0.14,188.0,57.68,0.96,340.15,0,0,0,0
5503,LN07,2022_01,4,28,24.0,0,672.0,0.14,80.0,82.88,0.96,488.76,0,0,0,0
5503,LN07,2022_02,4,28,24.0,0,672.0,0.14,170.0,70.28,0.96,414.45,0,0,0,0
5503,LN07,2022_03,5,35,24.0,0,840.0,0.14,80.0,106.4,0.96,627.46,0,0,0,0
5503,LN07,2022_04,4,20,24.0,0,480.0,0.14,84.0,55.44,0.96,326.94,0,0,0,0
5506,LN01,2021_01,4,28,24.0,0,672.0,0.11,60.0,67.32,0.96,522.89,0,0,0,0
5506,LN01,2021_02,4,28,24.0,0,672.0,0.11,100.0,62.92,0.96,488.72,0,0,0,0
5506,LN01,2021_03,5,35,24.0,0,840.0,0.11000000000000001,162.0,74.58,0.96,579.28,0,0,0,0
5506,LN01,2021_04,4,28,24.0,0,672.0,0.11,90.0,64.02,0.96,497.26,0,0,0,0
5506,LN01,2021_05,4,28,24.0,0,672.0,0.11,46.0,68.86,0.96,534.85,0,0,0,0
5506,LN01,2021_06,5,35,24.0,0,840.0,0.11000000000000001,44.0,87.56,0.96,680.1,0,0,0,0
5506,LN01,2021_07,4,28,24.0,0,672.0,0.11,36.0,69.96,0.96,543.4,0,0,0,0
5506,LN01,2021_08,4,28,24.0,0,672.0,0.11,36.0,69.96,0.96,543.4,0,0,0,0
5506,LN01,2021_09,5,35,24.0,0,840.0,0.11000000000000001,186.0,71.94,0.96,558.78,0,0,0,0
5506,LN01,2021_10,4,28,24.0,0,672.0,0.11,58.0,67.54,0.96,524.6,0,0,0,0
5506,LN01,2021_11,4,28,24.0,0,672.0,0.11,90.0,64.02,0.96,497.26,0,0,0,0
5506,LN01,2021_12,5,35,24.0,0,840.0,0.11000000000000001,188.0,71.72,0.96,557.07,0,0,0,0
5506,LN01,2022_01,4,28,24.0,0,672.0,0.11,60.0,67.32,0.96,522.89,0,0,0,0
5506,LN01,2022_02,4,28,24.0,0,672.0,0.11,100.0,62.92,0.96,488.72,0,0,0,0
5506,LN01,2022_03,5,35,24.0,0,840.0,0.11000000000000001,162.0,74.58,0.96,579.28,0,0,0,0
5506,LN01,2022_04,4,28,24.0,0,672.0,0.11,42.0,69.3,0.96,538.27,0,0,0,0
5506,LN02,2021_01,4,28,24.0,0,672.0,0.15,68.0,90.6,1.0,513.4,0,0,0,0
5506,LN02,2021_02,4,28,24.0,0,672.0,0.15,100.0,85.8,1.0,486.2,0,0,0,0
5506,LN02,2021_03,5,35,24.0,0,840.0,0.15,172.0,100.2,1.0,567.8,0,0,0,0
5506,LN02,2021_04,4,28,24.0,0,672.0,0.15,100.0,85.8,1.0,486.2,0,0,0,0
5506,LN02,2021_05,4,28,24.0,0,672.0,0.15,56.0,92.4,1.0,523.6,0,0,0,0
5506,LN02,2021_06,5,35,24.0,0,840.0,0.15,49.0,118.65,1.0,672.35,0,0,0,0
5506,LN02,2021_07,4,28,24.0,0,672.0,0.15,40.0,94.8,1.0,537.2,0,0,0,0
5506,LN02,2021_08,4,28,24.0,0,672.0,0.15,40.0,94.8,1.0,537.2,0,0,0,0
5506,LN02,2021_09,5,35,24.0,0,840.0,0.15,190.0,97.5,1.0,552.5,0,0,0,0
5506,LN02,2021_10,4,28,24.0,0,672.0,0.15,60.0,91.8,1.0,520.2,0,0,0,0
5506,LN02,2021_11,4,28,24.0,0,672.0,0.15,94.0,86.7,1.0,491.3,0,0,0,0
5506,LN02,2021_12,5,35,24.0,0,840.0,0.15,169.0,100.65,1.0,570.35,0,0,0,0
5506,LN02,2022_01,4,28,24.0,0,672.0,0.15,68.0,90.6,1.0,513.4,0,0,0,0
5506,LN02,2022_02,4,28,24.0,0,672.0,0.15,100.0,85.8,1.0,486.2,0,0,0,0
5506,LN02,2022_03,5,35,24.0,0,840.0,0.15,172.0,100.2,1.0,567.8,0,0,0,0
5506,LN02,2022_04,4,28,24.0,0,672.0,0.15,52.0,93.0,1.0,527.0,0,0,0,0
5506,LN03,2021_01,4,20,24.0,0,480.0,0.22,124.0,78.32,0.97,269.35,0,0,0,0
5506,LN03,2021_02,4,20,24.0,0,480.0,0.22,58.0,92.84,0.97,319.29,0,0,0,0
5506,LN03,2021_03,5,25,24.0,0,600.0,0.22000000000000003,41.0,122.98,0.97,422.94,0,0,0,0
5506,LN03,2021_04,4,24,24.0,0,576.0,0.22,128.0,98.56,0.97,338.96,0,0,0,0
5506,LN03,2021_05,4,24,24.0,0,576.0,0.22,42.0,117.48,0.97,404.02,0,0,0,0
5506,LN03,2021_06,5,30,24.0,0,720.0,0.22000000000000003,39.0,149.82,0.97,515.24,0,0,0,0
5506,LN03,2021_07,4,24,24.0,0,576.0,0.22,32.0,119.68,0.97,411.59,0,0,0,0
5506,LN03,2021_08,4,24,24.0,0,576.0,0.22,32.0,119.68,0.97,411.59,0,0,0,0
5506,LN03,2021_09,5,30,24.0,0,720.0,0.22000000000000003,128.0,130.24,0.97,447.91,0,0,0,0
5506,LN03,2021_10,4,24,24.0,0,576.0,0.22,149.0,93.94,0.97,323.07,0,0,0,0
5506,LN03,2021_11,4,24,24.0,0,576.0,0.22,80.0,109.12,0.97,375.27,0,0,0,0
5506,LN03,2021_12,5,30,24.0,0,720.0,0.22000000000000003,135.0,128.7,0.97,442.61,0,0,0,0
5506,LN03,2022_01,4,20,24.0,0,480.0,0.22,124.0,78.32,0.97,269.35,0,0,0,0
5506,LN03,2022_02,4,20,24.0,0,480.0,0.22,58.0,92.84,0.97,319.29,0,0,0,0
5506,LN03,2022_03,5,25,24.0,0,600.0,0.22000000000000003,41.0,122.98,0.97,422.94,0,0,0,0
5506,LN03,2022_04,4,24,24.0,0,576.0,0.22,104.0,103.84,0.97,357.12,0,0,0,0
5506,LN04,2021_01,4,28,24.0,0,672.0,0.13,70.0,78.26,1.0,523.74,0,0,0,0
5506,LN04,2021_02,4,28,24.0,0,672.0,0.13,96.0,74.88,1.0,501.12,0,0,0,0
5506,LN04,2021_03,5,35,24.0,0,840.0,0.13,164.0,87.88,1.0,588.12,0,0,0,0
5506,LN04,2021_04,4,28,24.0,0,672.0,0.13,92.0,75.4,1.0,504.6,0,0,0,0
5506,LN04,2021_05,4,28,24.0,0,672.0,0.13,48.0,81.12,1.0,542.88,0,0,0,0
5506,LN04,2021_06,5,35,24.0,0,840.0,0.13,39.0,104.13,1.0,696.87,0,0,0,0
5506,LN04,2021_07,4,28,24.0,0,672.0,0.13,32.0,83.2,1.0,556.8,0,0,0,0
5506,LN04,2021_08,4,28,24.0,0,672.0,0.13,32.0,83.2,1.0,556.8,0,0,0,0
5506,LN04,2021_09,5,35,24.0,0,840.0,0.13,182.0,85.54,1.0,572.46,0,0,0,0
5506,LN04,2021_10,4,28,24.0,0,672.0,0.13,42.0,81.9,1.0,548.1,0,0,0,0
5506,LN04,2021_11,4,28,24.0,0,672.0,0.13,86.0,76.18,1.0,509.82,0,0,0,0
5506,LN04,2021_12,5,35,24.0,0,840.0,0.13,147.0,90.09,1.0,602.91,0,0,0,0
5506,LN04,2022_01,4,28,24.0,0,672.0,0.13,70.0,78.26,1.0,523.74,0,0,0,0
5506,LN04,2022_02,4,28,24.0,0,672.0,0.13,96.0,74.88,1.0,501.12,0,0,0,0
5506,LN04,2022_03,5,35,24.0,0,840.0,0.13,164.0,87.88,1.0,588.12,0,0,0,0
5506,LN04,2022_04,4,28,24.0,0,672.0,0.13,44.0,81.64,1.0,546.36,0,0,0,0
5506,LN05,2021_01,4,28,24.0,0,672.0,0.15,64.0,91.2,0.93,480.62,0,0,0,0
5506,LN05,2021_02,4,28,24.0,0,672.0,0.15,80.0,88.8,0.93,467.98,0,0,0,0
5506,LN05,2021_03,5,35,24.0,0,840.0,0.15,172.0,100.2,0.93,528.05,0,0,0,0
5506,LN05,2021_04,4,28,24.0,0,672.0,0.15,100.0,85.8,0.93,452.17,0,0,0,0
5506,LN05,2021_05,4,28,24.0,0,672.0,0.15,56.0,92.4,0.93,486.95,0,0,0,0
5506,LN05,2021_06,5,35,24.0,0,840.0,0.15,49.0,118.65,0.93,625.29,0,0,0,0
5506,LN05,2021_07,4,28,24.0,0,672.0,0.15,40.0,94.8,0.93,499.6,0,0,0,0
5506,LN05,2021_08,4,28,24.0,0,672.0,0.15,40.0,94.8,0.93,499.6,0,0,0,0
5506,LN05,2021_09,5,35,24.0,0,840.0,0.15,79.0,114.15,0.93,601.57,0,0,0,0
5506,LN05,2021_10,4,28,24.0,0,672.0,0.15,161.0,76.65,0.93,403.95,0,0,0,0
5506,LN05,2021_11,4,28,24.0,0,672.0,0.15,94.0,86.7,0.93,456.91,0,0,0,0
5506,LN05,2021_12,5,35,24.0,0,840.0,0.15,157.0,102.45,0.93,539.91,0,0,0,0
5506,LN05,2022_01,4,28,24.0,0,672.0,0.15,64.0,91.2,0.93,480.62,0,0,0,0
5506,LN05,2022_02,4,28,24.0,0,672.0,0.15,80.0,88.8,0.93,467.98,0,0,0,0
5506,LN05,2022_03,5,35,24.0,0,840.0,0.15,172.0,100.2,0.93,528.05,0,0,0,0
5506,LN05,2022_04,4,28,24.0,0,672.0,0.15,52.0,93.0,0.93,490.11,0,0,0,0
5506,LN06,2021_01,4,28,21.0,0,588.0,0.12,53.0,64.2,0.95,447.26,0,0,0,0
5506,LN06,2021_02,4,28,21.0,0,588.0,0.12,200.0,46.56,0.95,324.37,0,0,0,0
5506,LN06,2021_03,5,35,21.0,0,735.0,0.12,51.0,82.08,0.95,571.82,0,0,0,0
5506,LN06,2021_04,4,28,24.0,0,672.0,0.12,92.0,69.6,0.95,484.88,0,0,0,0
5506,LN06,2021_05,4,28,24.0,0,672.0,0.12,48.0,74.88,0.95,521.66,0,0,0,0
5506,LN06,2021_06,5,35,24.0,0,840.0,0.12,39.0,96.12,0.95,669.64,0,0,0,0
5506,LN06,2021_07,4,28,24.0,0,672.0,0.12,32.0,76.8,0.95,535.04,0,0,0,0
5506,LN06,2021_08,4,28,24.0,0,672.0,0.12,32.0,76.8,0.95,535.04,0,0,0,0
5506,LN06,2021_09,5,35,24.0,0,840.0,0.12,176.0,79.68,0.95,555.1,0,0,0,0
5506,LN06,2021_10,4,28,24.0,0,672.0,0.12,36.0,76.32,0.95,531.7,0,0,0,0
5506,LN06,2021_11,4,28,24.0,0,672.0,0.12,80.0,71.04,0.95,494.91,0,0,0,0
5506,LN06,2021_12,5,35,24.0,0,840.0,0.12,147.0,83.16,0.95,579.35,0,0,0,0
5506,LN06,2022_01,4,28,21.0,0,588.0,0.12,53.0,64.2,0.95,447.26,0,0,0,0
5506,LN06,2022_02,4,28,21.0,0,588.0,0.12,200.0,46.56,0.95,324.37,0,0,0,0
5506,LN06,2022_03,5,35,21.0,0,735.0,0.12,51.0,82.08,0.95,571.82,0,0,0,0
5506,LN06,2022_04,4,28,24.0,0,672.0,0.12,44.0,75.36,0.95,525.01,0,0,0,0
5506,LN07,2021_01,4,12,20.0,0,240.0,0.08,36.0,16.32,0.97,182.05,0,0,0,0
5506,LN07,2021_02,4,12,20.0,0,240.0,0.08,12.0,18.24,0.97,203.47,0,0,0,0
5506,LN07,2021_03,5,15,20.0,0,300.0,0.08,15.0,22.8,0.97,254.33,0,0,0,0
5506,LN07,2021_04,4,12,20.0,0,240.0,0.08,12.0,18.24,0.97,203.47,0,0,0,0
5506,LN07,2021_05,4,12,20.0,0,240.0,0.08,12.0,18.24,0.97,203.47,0,0,0,0
5506,LN07,2021_06,5,15,20.0,0,300.0,0.08,15.0,22.8,0.97,254.33,0,0,0,0
5506,LN07,2021_07,4,12,20.0,0,240.0,0.08,12.0,18.24,0.97,203.47,0,0,0,0
5506,LN07,2021_08,4,12,20.0,0,240.0,0.08,12.0,18.24,0.97,203.47,0,0,0,0
5506,LN07,2021_09,5,15,20.0,0,300.0,0.08,39.0,20.88,0.97,232.92,0,0,0,0
5506,LN07,2021_10,4,12,20.0,0,240.0,0.08,12.0,18.24,0.97,203.47,0,0,0,0
5506,LN07,2021_11,4,12,20.0,0,240.0,0.08,36.0,16.32,0.97,182.05,0,0,0,0
5506,LN07,2021_12,5,15,20.0,0,300.0,0.08,63.0,18.96,0.97,211.5,0,0,0,0
5506,LN07,2022_01,4,12,20.0,0,240.0,0.08,36.0,16.32,0.97,182.05,0,0,0,0
5506,LN07,2022_02,4,12,20.0,0,240.0,0.08,12.0,18.24,0.97,203.47,0,0,0,0
5506,LN07,2022_03,5,15,20.0,0,300.0,0.08,15.0,22.8,0.97,254.33,0,0,0,0
5506,LN07,2022_04,4,12,20.0,0,240.0,0.08,12.0,18.24,0.97,203.47,0,0,0,0
5546,LN01,2021_01,4,16,21.0,0,336.0,0.24,17.0,76.56,1.0,242.44,0,0,0,0
5546,LN01,2021_02,4,16,21.0,0,336.0,0.24,19.0,76.08,1.0,240.92,0,0,0,0
5546,LN01,2021_03,5,20,21.0,0,420.0,0.24,93.0,78.48,1.0,248.52,0,0,0,0
5546,LN01,2021_04,4,16,21.0,0,336.0,0.24,17.0,76.56,1.0,242.44,0,0,0,0
5546,LN01,2021_05,4,20,21.6,0,432.0,0.24,17.0,99.6,1.0,315.4,0,0,0,0
5546,LN01,2021_06,5,25,21.6,0,540.0,0.24,19.0,125.04,1.0,395.96,0,0,0,0
5546,LN01,2021_07,4,20,21.6,0,432.0,0.24,11.0,101.04,1.0,319.96,0,0,0,0
5546,LN01,2021_08,4,20,21.6,0,432.0,0.24,11.0,101.04,1.0,319.96,0,0,0,0
5546,LN01,2021_09,5,25,21.6,0,540.0,0.24,11.0,126.96,1.0,402.04,0,0,0,0
5546,LN01,2021_10,4,16,21.0,0,336.0,0.24,92.0,58.56,1.0,185.44,0,0,0,0
5546,LN01,2021_11,4,16,21.0,0,336.0,0.24,11.0,78.0,1.0,247.0,0,0,0,0
5546,LN01,2021_12,5,20,21.0,0,420.0,0.24,107.0,75.12,1.0,237.88,0,0,0,0
5546,LN01,2022_01,4,16,21.0,0,336.0,0.24,17.0,76.56,1.0,242.44,0,0,0,0
5546,LN01,2022_02,4,16,21.0,0,336.0,0.24,19.0,76.08,1.0,240.92,0,0,0,0
5546,LN01,2022_03,5,20,21.0,0,420.0,0.24,93.0,78.48,1.0,248.52,0,0,0,0
5546,LN01,2022_04,4,16,21.0,0,336.0,0.24,17.0,76.56,1.0,242.44,0,0,0,0
